{
  "experiment": "bm-ch7",
  "matrix_slug": "postgres-redis-embedded-isolated-lab-off",
  "hardware": "aws-c6i-large",
  "storage": "postgres-redis",
  "deployment": "embedded",
  "telemetry": "off",
  "topology": "isolated-lab",
  "ops": 100000,
  "jobs": 100000,
  "claim_ops_per_sec": {
    "min": 4305.70399635733,
    "p50": 4305.70399635733,
    "p95": 4305.70399635733,
    "p99": 4305.70399635733,
    "max": 4305.70399635733,
    "count": 100000
  },
  "effective_claim_ops_per_sec": {
    "min": 5486.966723907806,
    "p50": 5486.966723907806,
    "p95": 5486.966723907806,
    "p99": 5486.966723907806,
    "max": 5486.966723907806,
    "count": 100000
  },
  "metric_kind": "claim",
  "aggregate": false,
  "fleet_wall_claim_ops_per_sec": 4305.70399635733,
  "prefill_elapsed_secs": 17.632571018,
  "drain_elapsed_secs": 23.225005733,
  "effective_drain_secs": 18.225005733,
  "sweep_dimensions": {
    "worker_count": 16,
    "job_count": 1000,
    "partition_count": 4,
    "prefill_count": 100000,
    "bench_client_index": 0,
    "bench_client_count": 1,
    "pool_count": 1,
    "pool_layout": "distinct",
    "worker_host_count": 1,
    "total_concurrent_claimers": 16
  },
  "verdict": "worker_scaling",
  "status": "ok",
  "pass_notes": "claimed 100000 runs in 23.225s (4305.7 claims/s, effective 5487.0/s) with 16 workers (prefill 100000, client 0/1)",
  "recorded_at": "2026-07-11T16:05:33.581453180+00:00"
}