{
  "experiment": "bm-ch7",
  "matrix_slug": "postgres-redis-embedded-isolated-lab-off",
  "hardware": "aws-c6i-large",
  "storage": "postgres-redis",
  "deployment": "embedded",
  "telemetry": "off",
  "topology": "isolated-lab",
  "ops": 6250,
  "jobs": 100000,
  "claim_ops_per_sec": {
    "min": 479.63702628019144,
    "p50": 479.63702628019144,
    "p95": 479.63702628019144,
    "p99": 479.63702628019144,
    "max": 479.63702628019144,
    "count": 6250
  },
  "effective_claim_ops_per_sec": {
    "min": 479.63702628019144,
    "p50": 479.63702628019144,
    "p95": 479.63702628019144,
    "p99": 479.63702628019144,
    "max": 479.63702628019144,
    "count": 6250
  },
  "metric_kind": "claim",
  "aggregate": false,
  "fleet_wall_claim_ops_per_sec": 479.63702628019144,
  "prefill_elapsed_secs": 49.707577380000004,
  "drain_elapsed_secs": 13.030687077,
  "effective_drain_secs": 13.030687077,
  "sweep_dimensions": {
    "worker_count": 1,
    "job_count": 1000,
    "partition_count": 4,
    "prefill_count": 100000,
    "bench_client_index": 0,
    "bench_client_count": 1,
    "pool_count": 16,
    "pool_layout": "distinct",
    "worker_host_count": 1,
    "total_concurrent_claimers": 1
  },
  "verdict": "worker_scaling",
  "status": "ok",
  "pass_notes": "claimed 6250 runs in 13.031s (479.6 claims/s, effective 479.6/s) with 1 workers (prefill 100000, client 0/1)",
  "recorded_at": "2026-07-11T03:14:35.327995894+00:00"
}