{
  "experiment": "bm-ch7",
  "matrix_slug": "postgres-redis-embedded-isolated-lab-off",
  "hardware": "aws-c6i-large",
  "storage": "postgres-redis",
  "deployment": "embedded",
  "telemetry": "off",
  "topology": "isolated-lab",
  "ops": 50000,
  "jobs": 100000,
  "claim_ops_per_sec": {
    "min": 496.48697730053107,
    "p50": 496.48697730053107,
    "p95": 496.48697730053107,
    "p99": 496.48697730053107,
    "max": 496.48697730053107,
    "count": 50000
  },
  "effective_claim_ops_per_sec": {
    "min": 522.4246824460122,
    "p50": 522.4246824460122,
    "p95": 522.4246824460122,
    "p99": 522.4246824460122,
    "max": 522.4246824460122,
    "count": 50000
  },
  "metric_kind": "claim",
  "aggregate": false,
  "prefill_elapsed_secs": 38.852082076,
  "drain_elapsed_secs": 100.707576001,
  "effective_drain_secs": 95.707576001,
  "sweep_dimensions": {
    "worker_count": 1,
    "job_count": 1000,
    "partition_count": 4,
    "prefill_count": 100000,
    "bench_client_index": 0,
    "bench_client_count": 2,
    "pool_count": 2,
    "pool_layout": "distinct",
    "worker_host_count": 1,
    "total_concurrent_claimers": 2
  },
  "verdict": "worker_scaling",
  "status": "ok",
  "pass_notes": "claimed 50000 runs in 100.708s (496.5 claims/s, effective 522.4/s) with 1 workers (prefill 100000, client 0/2)",
  "recorded_at": "2026-07-11T15:33:04.694725891+00:00"
}