{
  "experiment": "bm-ch7d",
  "matrix_slug": "postgres-redis-coordinator-worker-isolated-lab-off",
  "hardware": "aws-c6i-large",
  "storage": "postgres-redis",
  "deployment": "coordinator-worker",
  "telemetry": "off",
  "topology": "isolated-lab",
  "ops": 100000,
  "jobs": 100000,
  "claim_ops_per_sec": {
    "min": 342.8090871353146,
    "p50": 342.8090871353146,
    "p95": 342.8090871353146,
    "p99": 342.8090871353146,
    "max": 342.8090871353146,
    "count": 100000
  },
  "effective_claim_ops_per_sec": {
    "min": 348.78746272028377,
    "p50": 348.78746272028377,
    "p95": 348.78746272028377,
    "p99": 348.78746272028377,
    "max": 348.78746272028377,
    "count": 100000
  },
  "metric_kind": "claim_execute",
  "aggregate": false,
  "prefill_elapsed_secs": 48.196255101,
  "drain_elapsed_secs": 291.707553133,
  "effective_drain_secs": 291.707553133,
  "sweep_dimensions": {
    "worker_count": 32,
    "job_count": 1000,
    "partition_count": 4,
    "prefill_count": 100000,
    "bench_client_index": 0,
    "bench_client_count": 1,
    "pool_count": 1,
    "pool_layout": "shared",
    "worker_host_count": 2,
    "total_concurrent_claimers": 32
  },
  "verdict": "worker_fleet_scaling",
  "status": "ok",
  "pass_notes": "drained 100000/100000 runs in 291.708s (342.8/s) with 2 worker hosts (client 0/1)",
  "recorded_at": "2026-07-11T03:54:48.648464271+00:00"
}