{
  "experiment": "bm-ch7",
  "matrix_slug": "postgres-redis-embedded-isolated-lab-off",
  "hardware": "aws-c6i-large",
  "storage": "postgres-redis",
  "deployment": "embedded",
  "telemetry": "off",
  "topology": "isolated-lab",
  "ops": 100000,
  "jobs": 100000,
  "claim_ops_per_sec": {
    "min": 1436.9231702622017,
    "p50": 1436.9231702622017,
    "p95": 1436.9231702622017,
    "p99": 1436.9231702622017,
    "max": 1436.9231702622017,
    "count": 100000
  },
  "effective_claim_ops_per_sec": {
    "min": 1548.1519399416268,
    "p50": 1548.1519399416268,
    "p95": 1548.1519399416268,
    "p99": 1548.1519399416268,
    "max": 1548.1519399416268,
    "count": 100000
  },
  "metric_kind": "claim",
  "aggregate": false,
  "fleet_wall_claim_ops_per_sec": 1436.9231702622017,
  "prefill_elapsed_secs": 52.456139011,
  "drain_elapsed_secs": 69.593143231,
  "effective_drain_secs": 64.593143231,
  "sweep_dimensions": {
    "worker_count": 4,
    "job_count": 1000,
    "partition_count": 4,
    "prefill_count": 100000,
    "bench_client_index": 0,
    "bench_client_count": 1,
    "pool_count": 1,
    "pool_layout": "shared",
    "worker_host_count": 1,
    "total_concurrent_claimers": 4
  },
  "verdict": "worker_scaling",
  "status": "ok",
  "pass_notes": "claimed 100000 runs in 69.593s (1436.9 claims/s, effective 1548.2/s) with 4 workers (prefill 100000, client 0/1)",
  "recorded_at": "2026-07-11T03:03:45.244422762+00:00"
}