{
  "experiment": "bm-ch7",
  "matrix_slug": "postgres-redis-embedded-isolated-lab-off",
  "hardware": "aws-c6i-large",
  "storage": "postgres-redis",
  "deployment": "embedded",
  "telemetry": "off",
  "topology": "isolated-lab",
  "ops": 50000,
  "jobs": 100000,
  "claim_ops_per_sec": {
    "min": 854.6083335665315,
    "p50": 854.6083335665315,
    "p95": 854.6083335665315,
    "p99": 854.6083335665315,
    "max": 854.6083335665315,
    "count": 2
  },
  "effective_claim_ops_per_sec": {
    "min": 371.4227999527188,
    "p50": 371.4227999527188,
    "p95": 371.4227999527188,
    "p99": 371.4227999527188,
    "max": 371.4227999527188,
    "count": 50000
  },
  "metric_kind": "claim",
  "aggregate": true,
  "fleet_claim_ops_per_sec": 854.6083335665315,
  "fleet_wall_claim_ops_per_sec": 716.242712532001,
  "drain_elapsed_secs": 139.617476381,
  "effective_drain_secs": 134.617476381,
  "sweep_dimensions": {
    "worker_count": 1,
    "job_count": 1000,
    "partition_count": 4,
    "prefill_count": 100000,
    "bench_client_index": 1,
    "bench_client_count": 2,
    "pool_count": 2,
    "pool_layout": "distinct",
    "worker_host_count": 1,
    "total_concurrent_claimers": 2
  },
  "verdict": "worker_scaling",
  "status": "ok",
  "pass_notes": "aggregate 854.6 claims/s (sum of client rates), wall-clock 716.2/s across bc=2 clients (prefix bm-ch7-bc2-w1-q100000-k2)",
  "recorded_at": "2026-07-11T15:33:04.702748766+00:00"
}