{
  "experiment": "bm-ch7d",
  "matrix_slug": "postgres-redis-coordinator-worker-isolated-lab-off",
  "hardware": "aws-c6i-large",
  "storage": "postgres-redis",
  "deployment": "coordinator-worker",
  "telemetry": "off",
  "topology": "isolated-lab",
  "ops": 100000,
  "jobs": 100000,
  "claim_ops_per_sec": {
    "min": 610.383125085791,
    "p50": 610.383125085791,
    "p95": 610.383125085791,
    "p99": 610.383125085791,
    "max": 610.383125085791,
    "count": 100000
  },
  "effective_claim_ops_per_sec": {
    "min": 629.5979224586836,
    "p50": 629.5979224586836,
    "p95": 629.5979224586836,
    "p99": 629.5979224586836,
    "max": 629.5979224586836,
    "count": 100000
  },
  "metric_kind": "claim_execute",
  "aggregate": false,
  "prefill_elapsed_secs": 49.708247621,
  "drain_elapsed_secs": 163.831527921,
  "effective_drain_secs": 163.831527921,
  "sweep_dimensions": {
    "worker_count": 32,
    "job_count": 1000,
    "partition_count": 4,
    "prefill_count": 100000,
    "bench_client_index": 0,
    "bench_client_count": 1,
    "pool_count": 1,
    "pool_layout": "shared",
    "worker_host_count": 4,
    "total_concurrent_claimers": 32
  },
  "verdict": "worker_fleet_scaling",
  "status": "ok",
  "pass_notes": "drained 100000/100000 runs in 163.832s (610.4/s) with 4 worker hosts (client 0/1)",
  "recorded_at": "2026-07-11T03:58:22.320051705+00:00"
}