{
  "experiment": "bm-ch7d",
  "matrix_slug": "postgres-redis-coordinator-worker-isolated-lab-off",
  "hardware": "aws-c6i-large",
  "storage": "postgres-redis",
  "deployment": "coordinator-worker",
  "telemetry": "off",
  "topology": "isolated-lab",
  "ops": 100000,
  "jobs": 100000,
  "claim_ops_per_sec": {
    "min": 170.5530893744458,
    "p50": 170.5530893744458,
    "p95": 170.5530893744458,
    "p99": 170.5530893744458,
    "max": 170.5530893744458,
    "count": 100000
  },
  "effective_claim_ops_per_sec": {
    "min": 172.02001663803887,
    "p50": 172.02001663803887,
    "p95": 172.02001663803887,
    "p99": 172.02001663803887,
    "max": 172.02001663803887,
    "count": 100000
  },
  "metric_kind": "claim_execute",
  "aggregate": false,
  "prefill_elapsed_secs": 49.892778044,
  "drain_elapsed_secs": 586.32769636,
  "effective_drain_secs": 586.32769636,
  "sweep_dimensions": {
    "worker_count": 32,
    "job_count": 1000,
    "partition_count": 4,
    "prefill_count": 100000,
    "bench_client_index": 0,
    "bench_client_count": 1,
    "pool_count": 1,
    "pool_layout": "shared",
    "worker_host_count": 1,
    "total_concurrent_claimers": 32
  },
  "verdict": "worker_fleet_scaling",
  "status": "ok",
  "pass_notes": "drained 100000/100000 runs in 586.328s (170.6/s) with 1 worker hosts (client 0/1)",
  "recorded_at": "2026-07-11T03:49:08.611310446+00:00"
}