{
  "experiment": "bm-ch7",
  "matrix_slug": "postgres-redis-embedded-isolated-lab-off",
  "hardware": "aws-c6i-large",
  "storage": "postgres-redis",
  "deployment": "embedded",
  "telemetry": "off",
  "topology": "isolated-lab",
  "ops": 100000,
  "jobs": 100000,
  "claim_ops_per_sec": {
    "min": 1895.8294838713146,
    "p50": 1895.8294838713146,
    "p95": 1895.8294838713146,
    "p99": 1895.8294838713146,
    "max": 1895.8294838713146,
    "count": 100000
  },
  "effective_claim_ops_per_sec": {
    "min": 2094.3566369774894,
    "p50": 2094.3566369774894,
    "p95": 2094.3566369774894,
    "p99": 2094.3566369774894,
    "max": 2094.3566369774894,
    "count": 100000
  },
  "metric_kind": "claim",
  "aggregate": false,
  "fleet_wall_claim_ops_per_sec": 1895.8294838713146,
  "prefill_elapsed_secs": 50.729711228,
  "drain_elapsed_secs": 52.74735985,
  "effective_drain_secs": 47.74735985,
  "sweep_dimensions": {
    "worker_count": 32,
    "job_count": 1000,
    "partition_count": 4,
    "prefill_count": 100000,
    "bench_client_index": 0,
    "bench_client_count": 1,
    "pool_count": 1,
    "pool_layout": "shared",
    "worker_host_count": 1,
    "total_concurrent_claimers": 32
  },
  "verdict": "worker_scaling",
  "status": "ok",
  "pass_notes": "claimed 100000 runs in 52.747s (1895.8 claims/s, effective 2094.4/s) with 32 workers (prefill 100000, client 0/1)",
  "recorded_at": "2026-07-11T03:07:16.571591855+00:00"
}