{
  "experiment": "bm-ch7",
  "matrix_slug": "postgres-redis-embedded-isolated-lab-off",
  "hardware": "aws-c6i-large",
  "storage": "postgres-redis",
  "deployment": "embedded",
  "telemetry": "off",
  "topology": "isolated-lab",
  "ops": 100000,
  "jobs": 100000,
  "claim_ops_per_sec": {
    "min": 710.3936451127015,
    "p50": 710.3936451127015,
    "p95": 710.3936451127015,
    "p99": 710.3936451127015,
    "max": 710.3936451127015,
    "count": 100000
  },
  "effective_claim_ops_per_sec": {
    "min": 736.5558757840728,
    "p50": 736.5558757840728,
    "p95": 736.5558757840728,
    "p99": 736.5558757840728,
    "max": 736.5558757840728,
    "count": 100000
  },
  "metric_kind": "claim",
  "aggregate": false,
  "fleet_wall_claim_ops_per_sec": 710.3936451127015,
  "prefill_elapsed_secs": 38.218251808,
  "drain_elapsed_secs": 140.767024998,
  "effective_drain_secs": 135.767024998,
  "sweep_dimensions": {
    "worker_count": 1,
    "job_count": 1000,
    "partition_count": 4,
    "prefill_count": 100000,
    "bench_client_index": 0,
    "bench_client_count": 1,
    "pool_count": 1,
    "pool_layout": "distinct",
    "worker_host_count": 1,
    "total_concurrent_claimers": 1
  },
  "verdict": "worker_scaling",
  "status": "ok",
  "pass_notes": "claimed 100000 runs in 140.767s (710.4 claims/s, effective 736.6/s) with 1 workers (prefill 100000, client 0/1)",
  "recorded_at": "2026-07-11T15:28:45.078696899+00:00"
}