{
  "experiment": "bm-ch7",
  "matrix_slug": "postgres-redis-embedded-isolated-lab-off",
  "hardware": "aws-c6i-large",
  "storage": "postgres-redis",
  "deployment": "embedded",
  "telemetry": "off",
  "topology": "isolated-lab",
  "ops": 100000,
  "jobs": 100000,
  "claim_ops_per_sec": {
    "min": 456.72841588831045,
    "p50": 456.72841588831045,
    "p95": 456.72841588831045,
    "p99": 456.72841588831045,
    "max": 456.72841588831045,
    "count": 100000
  },
  "effective_claim_ops_per_sec": {
    "min": 467.40220942293206,
    "p50": 467.40220942293206,
    "p95": 467.40220942293206,
    "p99": 467.40220942293206,
    "max": 467.40220942293206,
    "count": 100000
  },
  "metric_kind": "claim",
  "aggregate": false,
  "fleet_wall_claim_ops_per_sec": 456.72841588831045,
  "prefill_elapsed_secs": 53.164665821,
  "drain_elapsed_secs": 218.948496571,
  "effective_drain_secs": 213.948496571,
  "sweep_dimensions": {
    "worker_count": 1,
    "job_count": 1000,
    "partition_count": 4,
    "prefill_count": 100000,
    "bench_client_index": 0,
    "bench_client_count": 1,
    "pool_count": 1,
    "pool_layout": "distinct",
    "worker_host_count": 1,
    "total_concurrent_claimers": 1
  },
  "verdict": "worker_scaling",
  "status": "ok",
  "pass_notes": "claimed 100000 runs in 218.948s (456.7 claims/s, effective 467.4/s) with 1 workers (prefill 100000, client 0/1)",
  "recorded_at": "2026-07-11T03:11:49.659563175+00:00"
}