{
  "experiment": "bm-ch7",
  "matrix_slug": "postgres-redis-embedded-isolated-lab-off",
  "hardware": "aws-c6i-large",
  "storage": "postgres-redis",
  "deployment": "embedded",
  "telemetry": "off",
  "topology": "isolated-lab",
  "ops": 100000,
  "jobs": 100000,
  "claim_ops_per_sec": {
    "min": 1910.9755722181053,
    "p50": 1910.9755722181053,
    "p95": 1910.9755722181053,
    "p99": 1910.9755722181053,
    "max": 1910.9755722181053,
    "count": 100000
  },
  "effective_claim_ops_per_sec": {
    "min": 2112.856422796519,
    "p50": 2112.856422796519,
    "p95": 2112.856422796519,
    "p99": 2112.856422796519,
    "max": 2112.856422796519,
    "count": 100000
  },
  "metric_kind": "claim",
  "aggregate": false,
  "fleet_wall_claim_ops_per_sec": 1910.9755722181053,
  "prefill_elapsed_secs": 49.22324564,
  "drain_elapsed_secs": 52.329292668,
  "effective_drain_secs": 47.329292668,
  "sweep_dimensions": {
    "worker_count": 16,
    "job_count": 1000,
    "partition_count": 4,
    "prefill_count": 100000,
    "bench_client_index": 0,
    "bench_client_count": 1,
    "pool_count": 4,
    "pool_layout": "distinct",
    "worker_host_count": 1,
    "total_concurrent_claimers": 16
  },
  "verdict": "worker_scaling",
  "status": "ok",
  "pass_notes": "claimed 100000 runs in 52.329s (1911.0 claims/s, effective 2112.9/s) with 16 workers (prefill 100000, client 0/1)",
  "recorded_at": "2026-07-11T03:18:07.480917910+00:00"
}