{
  "experiment": "bm-ch7",
  "matrix_slug": "postgres-redis-embedded-isolated-lab-off",
  "hardware": "aws-c6i-large",
  "storage": "postgres-redis",
  "deployment": "embedded",
  "telemetry": "off",
  "topology": "isolated-lab",
  "ops": 25000,
  "jobs": 100000,
  "claim_ops_per_sec": {
    "min": 472.5091350905521,
    "p50": 472.5091350905521,
    "p95": 472.5091350905521,
    "p99": 472.5091350905521,
    "max": 472.5091350905521,
    "count": 25000
  },
  "effective_claim_ops_per_sec": {
    "min": 521.8222953830327,
    "p50": 521.8222953830327,
    "p95": 521.8222953830327,
    "p99": 521.8222953830327,
    "max": 521.8222953830327,
    "count": 25000
  },
  "metric_kind": "claim",
  "aggregate": false,
  "fleet_wall_claim_ops_per_sec": 472.5091350905521,
  "prefill_elapsed_secs": 49.745545264,
  "drain_elapsed_secs": 52.909029992,
  "effective_drain_secs": 47.909029992,
  "sweep_dimensions": {
    "worker_count": 1,
    "job_count": 1000,
    "partition_count": 4,
    "prefill_count": 100000,
    "bench_client_index": 0,
    "bench_client_count": 1,
    "pool_count": 4,
    "pool_layout": "distinct",
    "worker_host_count": 1,
    "total_concurrent_claimers": 1
  },
  "verdict": "worker_scaling",
  "status": "ok",
  "pass_notes": "claimed 25000 runs in 52.909s (472.5 claims/s, effective 521.8/s) with 1 workers (prefill 100000, client 0/1)",
  "recorded_at": "2026-07-11T03:13:32.450063376+00:00"
}