{
  "experiment": "bm-ch7",
  "matrix_slug": "postgres-redis-embedded-isolated-lab-off",
  "hardware": "aws-c6i-large",
  "storage": "postgres-redis",
  "deployment": "embedded",
  "telemetry": "off",
  "topology": "isolated-lab",
  "ops": 25000,
  "jobs": 100000,
  "claim_ops_per_sec": {
    "min": 443.4930086433856,
    "p50": 443.4930086433856,
    "p95": 443.4930086433856,
    "p99": 443.4930086433856,
    "max": 443.4930086433856,
    "count": 25000
  },
  "effective_claim_ops_per_sec": {
    "min": 486.6589796577311,
    "p50": 486.6589796577311,
    "p95": 486.6589796577311,
    "p99": 486.6589796577311,
    "max": 486.6589796577311,
    "count": 25000
  },
  "metric_kind": "claim",
  "aggregate": false,
  "prefill_elapsed_secs": 54.202530387,
  "drain_elapsed_secs": 56.370674425,
  "effective_drain_secs": 51.370674425,
  "sweep_dimensions": {
    "worker_count": 1,
    "job_count": 1000,
    "partition_count": 4,
    "prefill_count": 100000,
    "bench_client_index": 0,
    "bench_client_count": 4,
    "pool_count": 4,
    "pool_layout": "distinct",
    "worker_host_count": 1,
    "total_concurrent_claimers": 4
  },
  "verdict": "worker_scaling",
  "status": "ok",
  "pass_notes": "claimed 25000 runs in 56.371s (443.5 claims/s, effective 486.7/s) with 1 workers (prefill 100000, client 0/4)",
  "recorded_at": "2026-07-11T15:36:57.448609563+00:00"
}