{
  "experiment": "bm-ch7",
  "matrix_slug": "postgres-redis-embedded-isolated-lab-off",
  "hardware": "aws-c6i-large",
  "storage": "postgres-redis",
  "deployment": "embedded",
  "telemetry": "off",
  "topology": "isolated-lab",
  "ops": 25000,
  "jobs": 100000,
  "claim_ops_per_sec": {
    "min": 1121.4516808186115,
    "p50": 1121.4516808186115,
    "p95": 1121.4516808186115,
    "p99": 1121.4516808186115,
    "max": 1121.4516808186115,
    "count": 4
  },
  "effective_claim_ops_per_sec": {
    "min": 236.65507358408797,
    "p50": 236.65507358408797,
    "p95": 236.65507358408797,
    "p99": 236.65507358408797,
    "max": 236.65507358408797,
    "count": 25000
  },
  "metric_kind": "claim",
  "aggregate": true,
  "fleet_claim_ops_per_sec": 1121.4516808186115,
  "fleet_wall_claim_ops_per_sec": 903.80197029851,
  "drain_elapsed_secs": 110.638977527,
  "effective_drain_secs": 105.638977527,
  "sweep_dimensions": {
    "worker_count": 1,
    "job_count": 1000,
    "partition_count": 4,
    "prefill_count": 100000,
    "bench_client_index": 1,
    "bench_client_count": 4,
    "pool_count": 4,
    "pool_layout": "distinct",
    "worker_host_count": 1,
    "total_concurrent_claimers": 4
  },
  "verdict": "worker_scaling",
  "status": "ok",
  "pass_notes": "aggregate 1121.5 claims/s (sum of client rates), wall-clock 903.8/s across bc=4 clients (prefix bm-ch7-bc4-w1-q100000-k4)",
  "recorded_at": "2026-07-11T15:36:57.475470259+00:00"
}