{
  "experiment": "bm-ch7",
  "matrix_slug": "postgres-redis-embedded-isolated-lab-off",
  "hardware": "aws-c6i-large",
  "storage": "postgres-redis",
  "deployment": "embedded",
  "telemetry": "off",
  "topology": "isolated-lab",
  "ops": 1,
  "jobs": 100000,
  "claim_ops_per_sec": {
    "min": 1285.7456746024402,
    "p50": 1285.7456746024402,
    "p95": 1285.7456746024402,
    "p99": 1285.7456746024402,
    "max": 1285.7456746024402,
    "count": 4
  },
  "effective_claim_ops_per_sec": {
    "min": 0.4841625658141724,
    "p50": 0.4841625658141724,
    "p95": 0.4841625658141724,
    "p99": 0.4841625658141724,
    "max": 0.4841625658141724,
    "count": 1
  },
  "metric_kind": "claim",
  "aggregate": true,
  "fleet_claim_ops_per_sec": 1285.7456746024402,
  "prefill_elapsed_secs": 75.664179289,
  "drain_elapsed_secs": 2.065421969,
  "effective_drain_secs": 2.065421969,
  "sweep_dimensions": {
    "worker_count": 4,
    "job_count": 1000,
    "partition_count": 4,
    "prefill_count": 100000,
    "bench_client_index": 0,
    "bench_client_count": 4,
    "pool_count": 1,
    "pool_layout": "shared",
    "worker_host_count": 1
  },
  "verdict": "insufficient_sample",
  "status": "ok",
  "pass_notes": "aggregate 1285.7 claims/s across bc=4 clients (prefix bm-ch7-bc4-w4-q100000)",
  "recorded_at": "2026-07-11T01:20:49.274954177+00:00"
}