{
  "experiment": "bm-ch7",
  "matrix_slug": "postgres-redis-embedded-isolated-lab-off",
  "hardware": "aws-c6i-large",
  "storage": "postgres-redis",
  "deployment": "embedded",
  "telemetry": "off",
  "topology": "isolated-lab",
  "ops": 100000,
  "jobs": 100000,
  "claim_ops_per_sec": {
    "min": 1821.056954453977,
    "p50": 1821.056954453977,
    "p95": 1821.056954453977,
    "p99": 1821.056954453977,
    "max": 1821.056954453977,
    "count": 100000
  },
  "effective_claim_ops_per_sec": {
    "min": 2003.4794651058105,
    "p50": 2003.4794651058105,
    "p95": 2003.4794651058105,
    "p99": 2003.4794651058105,
    "max": 2003.4794651058105,
    "count": 100000
  },
  "metric_kind": "claim",
  "aggregate": false,
  "fleet_wall_claim_ops_per_sec": 1821.056954453977,
  "prefill_elapsed_secs": 52.627842984,
  "drain_elapsed_secs": 54.913164443,
  "effective_drain_secs": 49.913164443,
  "sweep_dimensions": {
    "worker_count": 16,
    "job_count": 1000,
    "partition_count": 4,
    "prefill_count": 100000,
    "bench_client_index": 0,
    "bench_client_count": 1,
    "pool_count": 1,
    "pool_layout": "shared",
    "worker_host_count": 1,
    "total_concurrent_claimers": 16
  },
  "verdict": "worker_scaling",
  "status": "ok",
  "pass_notes": "claimed 100000 runs in 54.913s (1821.1 claims/s, effective 2003.5/s) with 16 workers (prefill 100000, client 0/1)",
  "recorded_at": "2026-07-11T03:05:32.948808474+00:00"
}