{
  "experiment": "bm-ch7",
  "matrix_slug": "postgres-redis-embedded-isolated-lab-off",
  "hardware": "aws-c6i-large",
  "storage": "postgres-redis",
  "deployment": "embedded",
  "telemetry": "off",
  "topology": "isolated-lab",
  "ops": 100000,
  "jobs": 100000,
  "claim_ops_per_sec": {
    "min": 1795.6291040339688,
    "p50": 1795.6291040339688,
    "p95": 1795.6291040339688,
    "p99": 1795.6291040339688,
    "max": 1795.6291040339688,
    "count": 100000
  },
  "effective_claim_ops_per_sec": {
    "min": 1972.745022934979,
    "p50": 1972.745022934979,
    "p95": 1972.745022934979,
    "p99": 1972.745022934979,
    "max": 1972.745022934979,
    "count": 100000
  },
  "metric_kind": "claim",
  "aggregate": false,
  "fleet_wall_claim_ops_per_sec": 1795.6291040339688,
  "prefill_elapsed_secs": 53.747220965,
  "drain_elapsed_secs": 55.690788134,
  "effective_drain_secs": 50.690788134,
  "sweep_dimensions": {
    "worker_count": 16,
    "job_count": 1000,
    "partition_count": 4,
    "prefill_count": 100000,
    "bench_client_index": 0,
    "bench_client_count": 1,
    "pool_count": 1,
    "pool_layout": "distinct",
    "worker_host_count": 1,
    "total_concurrent_claimers": 16
  },
  "verdict": "worker_scaling",
  "status": "ok",
  "pass_notes": "claimed 100000 runs in 55.691s (1795.6 claims/s, effective 1972.7/s) with 16 workers (prefill 100000, client 0/1)",
  "recorded_at": "2026-07-11T03:16:25.789289445+00:00"
}