{
  "experiment": "bm-ch7",
  "matrix_slug": "postgres-redis-embedded-isolated-lab-off",
  "hardware": "aws-c6i-large",
  "storage": "postgres-redis",
  "deployment": "embedded",
  "telemetry": "off",
  "topology": "isolated-lab",
  "ops": 100000,
  "jobs": 100000,
  "claim_ops_per_sec": {
    "min": 449.8807030870052,
    "p50": 449.8807030870052,
    "p95": 449.8807030870052,
    "p99": 449.8807030870052,
    "max": 449.8807030870052,
    "count": 100000
  },
  "effective_claim_ops_per_sec": {
    "min": 460.23320497900215,
    "p50": 460.23320497900215,
    "p95": 460.23320497900215,
    "p99": 460.23320497900215,
    "max": 460.23320497900215,
    "count": 100000
  },
  "metric_kind": "claim",
  "aggregate": false,
  "fleet_wall_claim_ops_per_sec": 449.8807030870052,
  "prefill_elapsed_secs": 49.840511445,
  "drain_elapsed_secs": 222.2811499,
  "effective_drain_secs": 217.2811499,
  "sweep_dimensions": {
    "worker_count": 1,
    "job_count": 1000,
    "partition_count": 4,
    "prefill_count": 100000,
    "bench_client_index": 0,
    "bench_client_count": 1,
    "pool_count": 1,
    "pool_layout": "shared",
    "worker_host_count": 1,
    "total_concurrent_claimers": 1
  },
  "verdict": "worker_scaling",
  "status": "ok",
  "pass_notes": "claimed 100000 runs in 222.281s (449.9 claims/s, effective 460.2/s) with 1 workers (prefill 100000, client 0/1)",
  "recorded_at": "2026-07-11T03:01:43.058940631+00:00"
}